20100104,-1.0
20100105,-1.0
20100106,-1.0
20100107,-1.0
20100108,-1.0
20100111,-1.0
20100112,-1.0
20100113,-1.0
20100114,-1.0
20100115,-1.0
20100118,-1.0
20100119,-1.0
20100120,-1.0
20100121,-1.0
20100122,-1.0
20100125,-1.0
20100126,-1.0
20100127,-1.0
20100128,-1.0
20100129,-1.0
20100201,-1.0
20100202,-1.0
20100203,-1.0
20100204,-1.0
20100205,-1.0
20100208,-1.0
20100209,-1.0
20100210,-1.0
20100211,-1.0
20100212,-1.0
20100222,-1.0
20100223,-1.0
20100224,-1.0
20100225,-1.0
20100226,-1.0
20100301,-1.0
20100302,-1.0
20100303,-1.0
20100304,-1.0
20100305,-1.0
20100308,-1.0
20100309,-1.0
20100310,-1.0
20100311,-1.0
20100312,-1.0
20100315,-1.0
20100316,-1.0
20100317,-1.0
20100318,-1.0
20100319,-1.0
20100322,-1.0
20100323,-1.0
20100324,-1.0
20100325,-1.0
20100326,-1.0
20100329,-1.0
20100330,-1.0
20100331,-1.0
20100401,-1.0
20100402,-1.0
20100406,-1.0
20100407,-1.0
20100408,-1.0
20100409,-1.0
20100412,-1.0
20100413,-1.0
20100414,-1.0
20100415,-1.0
20100416,-1.0
20100419,-1.0
20100420,-1.0
20100421,-1.0
20100422,-1.0
20100423,-1.0
20100426,-1.0
20100427,-1.0
20100428,-1.0
20100429,-1.0
20100430,-1.0
20100504,-1.0
20100505,-1.0
20100506,-1.0
20100507,-1.0
20100510,-1.0
20100511,-1.0
20100512,-1.0
20100513,-1.0
20100514,-1.0
20100517,-1.0
20100518,-1.0
20100519,-1.0
20100520,-1.0
20100521,-1.0
20100524,-1.0
20100525,-1.0
20100526,-1.0
20100527,-1.0
20100528,-1.0
20100531,-1.0
20100601,-1.0
20100602,-1.0
20100603,-1.0
20100604,-1.0
20100607,-1.0
20100608,-1.0
20100609,-1.0
20100610,-1.0
20100611,-1.0
20100617,-1.0
20100618,-1.0
20100621,-1.0
20100622,-1.0
20100623,-1.0
20100624,-1.0
20100625,-1.0
20100628,-1.0
20100629,-1.0
20100630,-1.0
20100701,-1.0
20100702,-1.0
20100705,-1.0
20100706,-1.0
20100707,-1.0
20100708,-1.0
20100709,-1.0
20100712,-1.0
20100713,-1.0
20100714,-1.0
20100715,-1.0
20100716,-1.0
20100719,-1.0
20100720,-1.0
20100721,-1.0
20100722,-1.0
20100723,-1.0
20100726,-1.0
20100727,-1.0
20100728,-1.0
20100729,-1.0
20100730,-1.0
20100802,-1.0
20100803,-1.0
20100804,-1.0
20100805,-1.0
20100806,-1.0
20100809,-1.0
20100810,-1.0
20100811,-1.0
20100812,-1.0
20100813,-1.0
20100816,-1.0
20100817,-1.0
20100818,-1.0
20100819,-1.0
20100820,-1.0
20100823,-1.0
20100824,-1.0
20100825,-1.0
20100826,-1.0
20100827,-1.0
20100830,-1.0
20100831,-1.0
20100901,-1.0
20100902,-1.0
20100903,-1.0
20100906,-1.0
20100907,-1.0
20100908,-1.0
20100909,-1.0
20100910,-1.0
20100913,-1.0
20100914,-1.0
20100915,-1.0
20100916,-1.0
20100917,-1.0
20100920,-1.0
20100921,-1.0
20100927,-1.0
20100928,-1.0
20100929,-1.0
20100930,-1.0
20101008,-1.0
20101011,-1.0
20101012,-1.0
20101013,-1.0
20101014,-1.0
20101015,-1.0
20101018,-1.0
20101019,-1.0
20101020,-1.0
20101021,-1.0
20101022,-1.0
20101025,-1.0
20101026,-1.0
20101027,-1.0
20101028,1.0
20101029,1.0
20101101,1.0
20101102,1.0
20101103,1.0
20101104,1.0
20101105,1.0
20101108,1.0
20101109,1.0
20101110,1.0
20101111,1.0
20101112,1.0
20101115,1.0
20101116,1.0
20101117,1.0
20101118,1.0
20101119,1.0
20101122,1.0
20101123,1.0
20101124,1.0
20101125,1.0
20101126,1.0
20101129,1.0
20101130,1.0
20101201,1.0
20101202,1.0
20101203,1.0
20101206,1.0
20101207,-1.0
20101208,-1.0
20101209,-1.0
20101210,-1.0
20101213,-1.0
20101214,-1.0
20101215,-1.0
20101216,-1.0
20101217,-1.0
20101220,-1.0
20101221,-1.0
20101222,-1.0
20101223,-1.0
20101224,-1.0
20101227,-1.0
20101228,-1.0
20101229,-1.0
20101230,-1.0
20101231,-1.0
20110104,-1.0
20110105,-1.0
20110106,-1.0
20110107,-1.0
20110110,-1.0
20110111,-1.0
20110112,-1.0
20110113,-1.0
20110114,-1.0
20110117,-1.0
20110118,-1.0
20110119,-1.0
20110120,-1.0
20110121,-1.0
20110124,-1.0
20110125,-1.0
20110126,-1.0
20110127,-1.0
20110128,-1.0
20110131,-1.0
20110201,-1.0
20110209,-1.0
20110210,-1.0
20110211,-1.0
20110214,-1.0
20110215,-1.0
20110216,-1.0
20110217,-1.0
20110218,-1.0
20110221,-1.0
20110222,-1.0
20110223,-1.0
20110224,-1.0
20110225,-1.0
20110228,-1.0
20110301,-1.0
20110302,-1.0
20110303,-1.0
20110304,-1.0
20110307,-1.0
20110308,-1.0
20110309,-1.0
20110310,-1.0
20110311,-1.0
20110314,-1.0
20110315,-1.0
20110316,-1.0
20110317,-1.0
20110318,-1.0
20110321,-1.0
20110322,-1.0
20110323,-1.0
20110324,-1.0
20110325,-1.0
20110328,-1.0
20110329,-1.0
20110330,-1.0
20110331,-1.0
20110401,-1.0
20110406,-1.0
20110407,-1.0
20110408,-1.0
20110411,-1.0
20110412,-1.0
20110413,-1.0
20110414,-1.0
20110415,-1.0
20110418,-1.0
20110419,-1.0
20110420,-1.0
20110421,-1.0
20110422,-1.0
20110425,-1.0
20110426,-1.0
20110427,-1.0
20110428,-1.0
20110429,-1.0
20110503,-1.0
20110504,-1.0
20110505,-1.0
20110506,-1.0
20110509,-1.0
20110510,-1.0
20110511,-1.0
20110512,-1.0
20110513,-1.0
20110516,-1.0
20110517,-1.0
20110518,-1.0
20110519,-1.0
20110520,-1.0
20110523,-1.0
20110524,-1.0
20110525,-1.0
20110526,-1.0
20110527,-1.0
20110530,-1.0
20110531,-1.0
20110601,-1.0
20110602,-1.0
20110603,-1.0
20110607,-1.0
20110608,-1.0
20110609,-1.0
20110610,-1.0
20110613,-1.0
20110614,-1.0
20110615,-1.0
20110616,-1.0
20110617,-1.0
20110620,-1.0
20110621,-1.0
20110622,-1.0
20110623,-1.0
20110624,-1.0
20110627,-1.0
20110628,-1.0
20110629,-1.0
20110630,-1.0
20110701,-1.0
20110704,-1.0
20110705,-1.0
20110706,-1.0
20110707,-1.0
20110708,-1.0
20110711,-1.0
20110712,-1.0
20110713,-1.0
20110714,-1.0
20110715,-1.0
20110718,-1.0
20110719,-1.0
20110720,-1.0
20110721,-1.0
20110722,-1.0
20110725,-1.0
20110726,-1.0
20110727,-1.0
20110728,-1.0
20110729,-1.0
20110801,-1.0
20110802,-1.0
20110803,-1.0
20110804,-1.0
20110805,-1.0
20110808,-1.0
20110809,-1.0
20110810,-1.0
20110811,-1.0
20110812,-1.0
20110815,-1.0
20110816,-1.0
20110817,-1.0
20110818,-1.0
20110819,-1.0
20110822,-1.0
20110823,-1.0
20110824,-1.0
20110825,-1.0
20110826,-1.0
20110829,-1.0
20110830,-1.0
20110831,-1.0
20110901,-1.0
20110902,-1.0
20110905,-1.0
20110906,-1.0
20110907,-1.0
20110908,-1.0
20110909,-1.0
20110913,-1.0
20110914,-1.0
20110915,-1.0
20110916,-1.0
20110919,-1.0
20110920,-1.0
20110921,-1.0
20110922,-1.0
20110923,-1.0
20110926,-1.0
20110927,-1.0
20110928,-1.0
20110929,-1.0
20110930,-1.0
20111010,-1.0
20111011,-1.0
20111012,-1.0
20111013,-1.0
20111014,-1.0
20111017,-1.0
20111018,-1.0
20111019,-1.0
20111020,-1.0
20111021,-1.0
20111024,-1.0
20111025,-1.0
20111026,-1.0
20111027,-1.0
20111028,-1.0
20111031,-1.0
20111101,-1.0
20111102,-1.0
20111103,-1.0
20111104,-1.0
20111107,-1.0
20111108,-1.0
20111109,-1.0
20111110,-1.0
20111111,-1.0
20111114,-1.0
20111115,-1.0
20111116,-1.0
20111117,-1.0
20111118,-1.0
20111121,-1.0
20111122,-1.0
20111123,-1.0
20111124,-1.0
20111125,-1.0
20111128,-1.0
20111129,-1.0
20111130,-1.0
20111201,-1.0
20111202,-1.0
20111205,-1.0
20111206,-1.0
20111207,-1.0
20111208,-1.0
20111209,-1.0
20111212,-1.0
20111213,-1.0
20111214,-1.0
20111215,-1.0
20111216,-1.0
20111219,-1.0
20111220,-1.0
20111221,-1.0
20111222,-1.0
20111223,-1.0
20111226,-1.0
20111227,-1.0
20111228,-1.0
20111229,-1.0
20111230,-1.0
20120104,-1.0
20120105,-1.0
20120106,-1.0
20120109,-1.0
20120110,-1.0
20120111,-1.0
20120112,-1.0
20120113,-1.0
20120116,-1.0
20120117,-1.0
20120118,-1.0
20120119,-1.0
20120120,-1.0
20120130,-1.0
20120131,-1.0
20120201,-1.0
20120202,-1.0
20120203,-1.0
20120206,-1.0
20120207,-1.0
20120208,-1.0
20120209,-1.0
20120210,-1.0
20120213,-1.0
20120214,-1.0
20120215,-1.0
20120216,-1.0
20120217,-1.0
20120220,-1.0
20120221,-1.0
20120222,-1.0
20120223,-1.0
20120224,-1.0
20120227,-1.0
20120228,-1.0
20120229,-1.0
20120301,-1.0
20120302,-1.0
20120305,-1.0
20120306,-1.0
20120307,-1.0
20120308,-1.0
20120309,-1.0
20120312,-1.0
20120313,-1.0
20120314,-1.0
20120315,-1.0
20120316,-1.0
20120319,-1.0
20120320,-1.0
20120321,-1.0
20120322,-1.0
20120323,-1.0
20120326,-1.0
20120327,-1.0
20120328,-1.0
20120329,-1.0
20120330,-1.0
20120405,-1.0
20120406,-1.0
20120409,-1.0
20120410,-1.0
20120411,-1.0
20120412,-1.0
20120413,-1.0
20120416,-1.0
20120417,-1.0
20120418,-1.0
20120419,-1.0
20120420,-1.0
20120423,-1.0
20120424,-1.0
20120425,-1.0
20120426,-1.0
20120427,-1.0
20120502,-1.0
20120503,-1.0
20120504,-1.0
20120507,-1.0
20120508,-1.0
20120509,-1.0
20120510,-1.0
20120511,-1.0
20120514,-1.0
20120515,1.0
20120516,1.0
20120517,1.0
20120518,1.0
20120521,1.0
20120522,1.0
20120523,1.0
20120524,1.0
20120525,1.0
20120528,1.0
20120529,1.0
20120530,1.0
20120531,1.0
20120601,1.0
20120604,1.0
20120605,1.0
20120606,1.0
20120607,1.0
20120608,-1.0
20120611,-1.0
20120612,-1.0
20120613,1.0
20120614,1.0
20120615,1.0
20120618,1.0
20120619,1.0
20120620,1.0
20120621,1.0
20120625,-1.0
20120626,-1.0
20120627,-1.0
20120628,-1.0
20120629,-1.0
20120702,-1.0
20120703,-1.0
20120704,-1.0
20120705,-1.0
20120706,-1.0
20120709,-1.0
20120710,-1.0
20120711,-1.0
20120712,-1.0
20120713,-1.0
20120716,-1.0
20120717,-1.0
20120718,-1.0
20120719,-1.0
20120720,-1.0
20120723,-1.0
20120724,-1.0
20120725,-1.0
20120726,-1.0
20120727,-1.0
20120730,-1.0
20120731,-1.0
20120801,-1.0
20120802,-1.0
20120803,-1.0
20120806,-1.0
20120807,-1.0
20120808,-1.0
20120809,-1.0
20120810,-1.0
20120813,-1.0
20120814,-1.0
20120815,-1.0
20120816,-1.0
20120817,1.0
20120820,1.0
20120821,1.0
20120822,1.0
20120823,1.0
20120824,1.0
20120827,1.0
20120828,1.0
20120829,1.0
20120830,1.0
20120831,-1.0
20120903,-1.0
20120904,-1.0
20120905,-1.0
20120906,-1.0
20120907,-1.0
20120910,-1.0
20120911,-1.0
20120912,-1.0
20120913,-1.0
20120914,-1.0
20120917,-1.0
20120918,-1.0
20120919,-1.0
20120920,-1.0
20120921,-1.0
20120924,-1.0
20120925,-1.0
20120926,-1.0
20120927,-1.0
20120928,-1.0
20121008,-1.0
20121009,-1.0
20121010,-1.0
20121011,-1.0
20121012,-1.0
20121015,-1.0
20121016,-1.0
20121017,-1.0
20121018,-1.0
20121019,1.0
20121022,1.0
20121023,1.0
20121024,1.0
20121025,1.0
20121026,1.0
20121029,1.0
20121030,1.0
20121031,1.0
20121101,1.0
20121102,1.0
20121105,1.0
20121106,1.0
20121107,1.0
20121108,1.0
20121109,1.0
20121112,1.0
20121113,-1.0
20121114,-1.0
20121115,-1.0
20121116,-1.0
20121119,-1.0
20121120,-1.0
20121121,-1.0
20121122,-1.0
20121123,-1.0
20121126,-1.0
20121127,-1.0
20121128,-1.0
20121129,-1.0
20121130,-1.0
20121203,-1.0
20121204,-1.0
20121205,-1.0
20121206,-1.0
20121207,-1.0
20121210,-1.0
20121211,-1.0
20121212,-1.0
20121213,-1.0
20121214,-1.0
20121217,-1.0
20121218,1.0
20121219,1.0
20121220,1.0
20121221,1.0
20121224,1.0
20121225,1.0
20121226,1.0
20121227,1.0
20121228,1.0
20121231,1.0
20130104,1.0
20130107,1.0
20130108,1.0
20130109,1.0
20130110,1.0
20130111,1.0
20130114,1.0
20130115,1.0
20130116,1.0
20130117,1.0
20130118,1.0
20130121,1.0
20130122,1.0
20130123,1.0
20130124,1.0
20130125,1.0
20130128,1.0
20130129,1.0
20130130,1.0
20130131,1.0
20130201,1.0
20130204,1.0
20130205,1.0
20130206,1.0
20130207,1.0
20130208,1.0
20130218,1.0
20130219,1.0
20130220,1.0
20130221,1.0
20130222,1.0
20130225,1.0
20130226,1.0
20130227,1.0
20130228,1.0
20130301,1.0
20130304,1.0
20130305,1.0
20130306,1.0
20130307,1.0
20130308,1.0
20130311,-1.0
20130312,-1.0
20130313,-1.0
20130314,-1.0
20130315,-1.0
20130318,-1.0
20130319,-1.0
20130320,-1.0
20130321,-1.0
20130322,-1.0
20130325,1.0
20130326,-1.0
20130327,-1.0
20130328,1.0
20130329,1.0
20130401,1.0
20130402,1.0
20130403,1.0
20130408,1.0
20130409,1.0
20130410,1.0
20130411,1.0
20130412,1.0
20130415,1.0
20130416,1.0
20130417,1.0
20130418,1.0
20130419,1.0
20130422,1.0
20130423,-1.0
20130424,-1.0
20130425,-1.0
20130426,-1.0
20130502,-1.0
20130503,-1.0
20130506,-1.0
20130507,-1.0
20130508,-1.0
20130509,-1.0
20130510,-1.0
20130513,-1.0
20130514,-1.0
20130515,-1.0
20130516,-1.0
20130517,-1.0
20130520,-1.0
20130521,-1.0
20130522,-1.0
20130523,-1.0
20130524,-1.0
20130527,-1.0
20130528,1.0
20130529,1.0
20130530,1.0
20130531,1.0
20130603,1.0
20130604,1.0
20130605,1.0
20130606,1.0
20130607,1.0
20130613,1.0
20130614,1.0
20130617,1.0
20130618,1.0
20130619,1.0
20130620,1.0
20130621,1.0
20130624,1.0
20130625,1.0
20130626,1.0
20130627,1.0
20130628,1.0
20130701,1.0
20130702,1.0
20130703,1.0
20130704,1.0
20130705,1.0
20130708,1.0
20130709,1.0
20130710,1.0
20130711,1.0
20130712,1.0
20130715,1.0
20130716,1.0
20130717,1.0
20130718,1.0
20130719,1.0
20130722,1.0
20130723,1.0
20130724,1.0
20130725,1.0
20130726,1.0
20130729,1.0
20130730,1.0
20130731,1.0
20130801,1.0
20130802,1.0
20130805,1.0
20130806,1.0
20130807,1.0
20130808,1.0
20130809,1.0
20130812,1.0
20130813,1.0
20130814,1.0
20130815,1.0
20130816,1.0
20130819,1.0
20130820,1.0
20130821,1.0
20130822,1.0
20130823,1.0
20130826,1.0
20130827,1.0
20130828,1.0
20130829,1.0
20130830,1.0
20130902,1.0
20130903,1.0
20130904,1.0
20130905,1.0
20130906,1.0
20130909,1.0
20130910,1.0
20130911,1.0
20130912,1.0
20130913,1.0
20130916,1.0
20130917,1.0
20130918,1.0
20130923,1.0
20130924,1.0
20130925,1.0
20130926,1.0
20130927,1.0
20130930,1.0
20131008,1.0
20131009,1.0
20131010,1.0
20131011,1.0
20131014,1.0
20131015,1.0
20131016,1.0
20131017,1.0
20131018,1.0
20131021,1.0
20131022,1.0
20131023,1.0
20131024,1.0
20131025,1.0
20131028,1.0
20131029,1.0
20131030,1.0
20131031,1.0
20131101,1.0
20131104,1.0
20131105,1.0
20131106,1.0
20131107,1.0
20131108,1.0
20131111,1.0
20131112,1.0
20131113,1.0
20131114,1.0
20131115,1.0
20131118,1.0
20131119,1.0
20131120,1.0
20131121,1.0
20131122,1.0
20131125,1.0
20131126,1.0
20131127,1.0
20131128,1.0
20131129,1.0
20131202,1.0
20131203,1.0
20131204,1.0
20131205,1.0
20131206,1.0
20131209,1.0
20131210,1.0
20131211,1.0
20131212,1.0
20131213,1.0
20131216,1.0
20131217,1.0
20131218,1.0
20131219,1.0
20131220,1.0
20131223,1.0
20131224,-1.0
20131225,-1.0
20131226,-1.0
20131227,-1.0
20131230,-1.0
20131231,-1.0
20140102,-1.0
20140103,-1.0
20140106,-1.0
20140107,-1.0
20140108,-1.0
20140109,-1.0
20140110,-1.0
20140113,-1.0
20140114,-1.0
20140115,-1.0
20140116,-1.0
20140117,-1.0
20140120,-1.0
20140121,-1.0
20140122,-1.0
20140123,-1.0
20140124,-1.0
20140127,-1.0
20140128,-1.0
20140129,-1.0
20140130,-1.0
20140207,-1.0
20140210,-1.0
20140211,-1.0
20140212,-1.0
20140213,-1.0
20140214,-1.0
20140217,-1.0
20140218,-1.0
20140219,-1.0
20140220,-1.0
20140221,-1.0
20140224,-1.0
20140225,-1.0
20140226,-1.0
20140227,-1.0
20140228,-1.0
20140303,-1.0
20140304,-1.0
20140305,-1.0
20140306,-1.0
20140307,-1.0
20140310,-1.0
20140311,-1.0
20140312,-1.0
20140313,-1.0
20140314,-1.0
20140317,-1.0
20140318,-1.0
20140319,-1.0
20140320,-1.0
20140321,-1.0
20140324,-1.0
20140325,-1.0
20140326,-1.0
20140327,-1.0
20140328,-1.0
20140331,-1.0
20140401,-1.0
20140402,-1.0
20140403,-1.0
20140404,-1.0
20140408,-1.0
20140409,-1.0
20140410,-1.0
20140411,-1.0
20140414,-1.0
20140415,-1.0
20140416,1.0
20140417,1.0
20140418,1.0
20140421,1.0
20140422,1.0
20140423,1.0
20140424,1.0
20140425,1.0
20140428,1.0
20140429,1.0
20140430,1.0
20140505,1.0
20140506,1.0
20140507,1.0
20140508,-1.0
20140509,-1.0
20140512,-1.0
20140513,-1.0
20140514,-1.0
20140515,-1.0
20140516,-1.0
20140519,-1.0
20140520,-1.0
20140521,-1.0
20140522,-1.0
20140523,-1.0
20140526,-1.0
20140527,-1.0
20140528,-1.0
20140529,-1.0
20140530,-1.0
20140603,-1.0
20140604,-1.0
20140605,-1.0
20140606,-1.0
20140609,-1.0
20140610,-1.0
20140611,-1.0
20140612,-1.0
20140613,-1.0
20140616,-1.0
20140617,-1.0
20140618,-1.0
20140619,-1.0
20140620,-1.0
20140623,-1.0
20140624,-1.0
20140625,-1.0
20140626,-1.0
20140627,-1.0
20140630,-1.0
20140701,-1.0
20140702,-1.0
20140703,-1.0
20140704,-1.0
20140707,-1.0
20140708,-1.0
20140709,-1.0
20140710,-1.0
20140711,-1.0
20140714,-1.0
20140715,-1.0
20140716,-1.0
20140717,-1.0
20140718,-1.0
20140721,-1.0
20140722,-1.0
20140723,-1.0
20140724,-1.0
20140725,-1.0
20140728,-1.0
20140729,-1.0
20140730,-1.0
20140731,-1.0
20140801,-1.0
20140804,-1.0
20140805,-1.0
20140806,-1.0
20140807,-1.0
20140808,-1.0
20140811,-1.0
20140812,-1.0
20140813,-1.0
20140814,-1.0
20140815,-1.0
20140818,-1.0
20140819,1.0
20140820,1.0
20140821,1.0
20140822,1.0
20140825,1.0
20140826,1.0
20140827,1.0
20140828,1.0
20140829,-1.0
20140901,-1.0
20140902,-1.0
20140903,1.0
20140904,1.0
20140905,1.0
20140909,1.0
20140910,1.0
20140911,1.0
20140912,1.0
20140915,1.0
20140916,1.0
20140917,1.0
20140918,1.0
20140919,1.0
20140922,1.0
20140923,1.0
20140924,1.0
20140925,1.0
20140926,1.0
20140929,1.0
20140930,1.0
20141008,1.0
20141009,1.0
20141010,1.0
20141013,1.0
20141014,1.0
20141015,1.0
20141016,1.0
20141017,1.0
20141020,1.0
20141021,1.0
20141022,1.0
20141023,1.0
20141024,1.0
20141027,1.0
20141028,1.0
20141029,1.0
20141030,1.0
20141031,1.0
20141103,1.0
20141104,1.0
20141105,1.0
20141106,1.0
20141107,1.0
20141110,1.0
20141111,1.0
20141112,1.0
20141113,1.0
20141114,1.0
20141117,1.0
20141118,1.0
20141119,1.0
20141120,1.0
20141121,1.0
20141124,1.0
20141125,1.0
20141126,1.0
20141127,1.0
20141128,1.0
20141201,1.0
20141202,1.0
20141203,1.0
20141204,1.0
20141205,1.0
20141208,1.0
20141209,1.0
20141210,1.0
20141211,1.0
20141212,1.0
20141215,1.0
20141216,1.0
20141217,1.0
20141218,1.0
20141219,1.0
20141222,1.0
20141223,1.0
20141224,1.0
20141225,1.0
20141226,1.0
20141229,1.0
20141230,1.0
20141231,1.0
20150105,1.0
20150106,1.0
20150107,1.0
20150108,1.0
20150109,1.0
20150112,1.0
20150113,1.0
20150114,1.0
20150115,1.0
20150116,1.0
20150119,1.0
20150120,1.0
20150121,1.0
20150122,1.0
20150123,1.0
20150126,1.0
20150127,1.0
20150128,1.0
20150129,1.0
20150130,1.0
20150202,1.0
20150203,1.0
20150204,1.0
20150205,1.0
20150206,1.0
20150209,1.0
20150210,1.0
20150211,1.0
20150212,1.0
20150213,1.0
20150216,1.0
20150217,1.0
20150225,1.0
20150226,1.0
20150227,1.0
20150302,1.0
20150303,1.0
20150304,1.0
20150305,1.0
20150306,1.0
20150309,1.0
20150310,1.0
20150311,1.0
20150312,1.0
20150313,1.0
20150316,1.0
20150317,1.0
20150318,1.0
20150319,1.0
20150320,1.0
20150323,1.0
20150324,1.0
20150325,1.0
20150326,1.0
20150327,1.0
20150330,1.0
20150331,1.0
20150401,1.0
20150402,1.0
20150403,1.0
20150407,1.0
20150408,1.0
20150409,1.0
20150410,1.0
20150413,1.0
20150414,1.0
20150415,1.0
20150416,1.0
20150417,1.0
20150420,1.0
20150421,1.0
20150422,1.0
20150423,1.0
20150424,1.0
20150427,1.0
20150428,1.0
20150429,1.0
20150430,1.0
20150504,1.0
20150505,1.0
20150506,1.0
20150507,1.0
20150508,1.0
20150511,1.0
20150512,1.0
20150513,1.0
20150514,1.0
20150515,1.0
20150518,1.0
20150519,1.0
20150520,1.0
20150521,1.0
20150522,1.0
20150525,1.0
20150526,1.0
20150527,1.0
20150528,1.0
20150529,1.0
20150601,1.0
20150602,1.0
20150603,1.0
20150604,1.0
20150605,1.0
20150608,1.0
20150609,1.0
20150610,1.0
20150611,1.0
20150612,1.0
20150615,1.0
20150616,1.0
20150617,1.0
20150618,1.0
20150619,1.0
20150623,1.0
20150624,1.0
20150625,1.0
20150626,1.0
20150629,1.0
20150630,1.0
20150701,1.0
20150702,1.0
20150703,1.0
20150706,1.0
20150707,1.0
20150708,1.0
20150709,1.0
20150710,1.0
20150713,1.0
20150714,1.0
20150715,1.0
20150716,-1.0
20150717,-1.0
20150720,-1.0
20150721,-1.0
20150722,-1.0
20150723,-1.0
20150724,-1.0
20150727,-1.0
20150728,-1.0
20150729,-1.0
20150730,-1.0
20150731,-1.0
20150803,-1.0
20150804,-1.0
20150805,-1.0
20150806,-1.0
20150807,-1.0
20150810,-1.0
20150811,-1.0
20150812,-1.0
20150813,-1.0
20150814,-1.0
20150817,-1.0
20150818,-1.0
20150819,-1.0
20150820,1.0
20150821,1.0
20150824,1.0
20150825,1.0
20150826,-1.0
20150827,-1.0
20150828,-1.0
20150831,-1.0
20150901,-1.0
20150902,-1.0
20150907,-1.0
20150908,-1.0
20150909,-1.0
20150910,-1.0
20150911,-1.0
20150914,-1.0
20150915,-1.0
20150916,-1.0
20150917,-1.0
20150918,-1.0
20150921,-1.0
20150922,-1.0
20150923,-1.0
20150924,-1.0
20150925,-1.0
20150928,-1.0
20150929,-1.0
20150930,-1.0
20151008,-1.0
20151009,-1.0
20151012,-1.0
20151013,-1.0
20151014,-1.0
20151015,-1.0
20151016,-1.0
20151019,-1.0
20151020,-1.0
20151021,-1.0
20151022,-1.0
20151023,-1.0
20151026,-1.0
20151027,-1.0
20151028,-1.0
20151029,-1.0
20151030,-1.0
20151102,-1.0
20151103,-1.0
20151104,-1.0
20151105,-1.0
20151106,-1.0
20151109,-1.0
20151110,-1.0
20151111,-1.0
20151112,1.0
20151113,1.0
20151116,1.0
20151117,1.0
20151118,-1.0
20151119,-1.0
20151120,-1.0
20151123,-1.0
20151124,-1.0
20151125,-1.0
20151126,-1.0
20151127,-1.0
20151130,-1.0
20151201,-1.0
20151202,-1.0
20151203,-1.0
20151204,-1.0
20151207,-1.0
20151208,-1.0
20151209,-1.0
20151210,-1.0
20151211,-1.0
20151214,-1.0
20151215,-1.0
20151216,-1.0
20151217,-1.0
20151218,-1.0
20151221,-1.0
20151222,-1.0
20151223,-1.0
20151224,-1.0
20151225,-1.0
20151228,-1.0
20151229,-1.0
20151230,-1.0
20151231,-1.0
20160104,-1.0
20160105,-1.0
20160106,-1.0
20160107,-1.0
20160108,-1.0
20160111,-1.0
20160112,-1.0
20160113,-1.0
20160114,-1.0
20160115,-1.0
20160118,-1.0
20160119,-1.0
20160120,-1.0
20160121,-1.0
20160122,-1.0
20160125,-1.0
20160126,-1.0
20160127,-1.0
20160128,-1.0
20160129,-1.0
20160201,-1.0
20160202,-1.0
20160203,-1.0
20160204,-1.0
20160205,-1.0
20160215,-1.0
20160216,-1.0
20160217,-1.0
20160218,-1.0
20160219,-1.0
20160222,-1.0
20160223,-1.0
20160224,-1.0
20160225,-1.0
20160226,-1.0
20160229,-1.0
20160301,-1.0
20160302,-1.0
20160303,-1.0
20160304,-1.0
20160307,-1.0
20160308,-1.0
20160309,-1.0
20160310,-1.0
20160311,-1.0
20160314,-1.0
20160315,-1.0
20160316,-1.0
20160317,-1.0
20160318,-1.0
20160321,-1.0
20160322,-1.0
20160323,-1.0
20160324,-1.0
20160325,-1.0
20160328,-1.0
20160329,-1.0
20160330,-1.0
20160331,-1.0
20160401,-1.0
20160405,-1.0
20160406,-1.0
20160407,-1.0
20160408,-1.0
20160411,-1.0
20160412,-1.0
20160413,-1.0
20160414,-1.0
20160415,-1.0
20160418,-1.0
20160419,-1.0
20160420,-1.0
20160421,-1.0
20160422,-1.0
20160425,-1.0
20160426,-1.0
20160427,-1.0
20160428,-1.0
20160429,-1.0
20160503,-1.0
20160504,-1.0
20160505,-1.0
20160506,-1.0
20160509,-1.0
20160510,-1.0
20160511,-1.0
20160512,-1.0
20160513,-1.0
20160516,-1.0
20160517,-1.0
20160518,-1.0
20160519,-1.0
20160520,-1.0
20160523,-1.0
20160524,-1.0
20160525,-1.0
20160526,-1.0
20160527,-1.0
20160530,-1.0
20160531,-1.0
20160601,-1.0
20160602,-1.0
20160603,-1.0
20160606,-1.0
20160607,-1.0
20160608,-1.0
20160613,-1.0
20160614,-1.0
20160615,-1.0
20160616,-1.0
20160617,-1.0
20160620,-1.0
20160621,-1.0
20160622,-1.0
20160623,-1.0
20160624,-1.0
20160627,-1.0
20160628,-1.0
20160629,-1.0
20160630,-1.0
20160701,-1.0
20160704,-1.0
20160705,-1.0
20160706,-1.0
20160707,-1.0
20160708,-1.0
20160711,-1.0
20160712,-1.0
20160713,-1.0
20160714,-1.0
20160715,-1.0
20160718,-1.0
20160719,-1.0
20160720,-1.0
20160721,-1.0
20160722,-1.0
20160725,-1.0
20160726,-1.0
20160727,-1.0
20160728,-1.0
20160729,-1.0
20160801,-1.0
20160802,-1.0
20160803,-1.0
20160804,-1.0
20160805,-1.0
20160808,-1.0
20160809,-1.0
20160810,-1.0
20160811,-1.0
20160812,-1.0
20160815,-1.0
20160816,-1.0
20160817,-1.0
20160818,-1.0
20160819,-1.0
20160822,-1.0
20160823,-1.0
20160824,-1.0
20160825,-1.0
20160826,-1.0
20160829,-1.0
20160830,-1.0
20160831,-1.0
20160901,-1.0
20160902,-1.0
20160905,-1.0
20160906,-1.0
20160907,-1.0
20160908,-1.0
20160909,-1.0
20160912,-1.0
20160913,-1.0
20160914,-1.0
20160919,-1.0
20160920,-1.0
20160921,-1.0
20160922,-1.0
20160923,-1.0
20160926,-1.0
20160927,-1.0
20160928,-1.0
20160929,-1.0
20160930,-1.0
20161010,-1.0
20161011,-1.0
20161012,-1.0
20161013,-1.0
20161014,-1.0
20161017,-1.0
20161018,-1.0
20161019,-1.0
20161020,-1.0
20161021,-1.0
20161024,-1.0
20161025,-1.0
20161026,-1.0
20161027,-1.0
20161028,-1.0
20161031,-1.0
20161101,-1.0
20161102,-1.0
20161103,-1.0
20161104,-1.0
20161107,-1.0
20161108,-1.0
20161109,-1.0
20161110,-1.0
20161111,-1.0
20161114,-1.0
20161115,-1.0
20161116,-1.0
20161117,-1.0
20161118,-1.0
20161121,-1.0
20161122,-1.0
20161123,-1.0
20161124,-1.0
20161125,-1.0
20161128,-1.0
20161129,-1.0
20161130,-1.0
20161201,-1.0
20161202,-1.0
20161205,-1.0
20161206,-1.0
20161207,-1.0
20161208,-1.0
20161209,-1.0
20161212,-1.0
20161213,-1.0
20161214,-1.0
20161215,-1.0
20161216,-1.0
20161219,-1.0
20161220,-1.0
20161221,-1.0
20161222,-1.0
20161223,-1.0
20161226,-1.0
20161227,-1.0
20161228,-1.0
20161229,-1.0
20161230,-1.0
20170103,-1.0
20170104,-1.0
20170105,-1.0
20170106,-1.0
20170109,-1.0
20170110,-1.0
20170111,-1.0
20170112,-1.0
20170113,-1.0
20170116,-1.0
20170117,-1.0
20170118,1.0
20170119,1.0
20170120,-1.0
20170123,-1.0
20170124,-1.0
20170125,-1.0
20170126,-1.0
20170203,1.0
20170206,-1.0
20170207,1.0
20170208,1.0
20170209,1.0
20170210,-1.0
20170213,-1.0
20170214,-1.0
20170215,-1.0
20170216,-1.0
20170217,1.0
20170220,1.0
20170221,1.0
20170222,1.0
20170223,1.0
20170224,1.0
20170227,-1.0
20170228,-1.0
20170301,-1.0
20170302,-1.0
20170303,-1.0
20170306,-1.0
20170307,-1.0
20170308,-1.0
20170309,-1.0
20170310,-1.0
20170313,-1.0
20170314,-1.0
20170315,-1.0
20170316,-1.0
20170317,-1.0
20170320,-1.0
20170321,-1.0
20170322,-1.0
20170323,-1.0
20170324,-1.0
20170327,1.0
20170328,1.0
20170329,1.0
20170330,1.0
20170331,1.0
20170405,1.0
20170406,-1.0
20170407,-1.0
20170410,-1.0
20170411,-1.0
20170412,-1.0
20170413,-1.0
20170414,-1.0
20170417,-1.0
20170418,-1.0
20170419,-1.0
20170420,-1.0
20170421,-1.0
20170424,-1.0
20170425,-1.0
20170426,-1.0
20170427,-1.0
20170428,1.0
20170502,1.0
20170503,1.0
20170504,1.0
20170505,1.0
20170508,1.0
20170509,1.0
20170510,1.0
20170511,1.0
20170512,1.0
20170515,1.0
20170516,1.0
20170517,1.0
20170518,1.0
20170519,1.0
20170522,1.0
20170523,1.0
20170524,1.0
20170525,1.0
20170526,1.0
20170531,1.0
20170601,1.0
20170602,1.0
20170605,1.0
20170606,1.0
20170607,1.0
20170608,1.0
20170609,1.0
20170612,1.0
20170613,1.0
20170614,1.0
20170615,1.0
20170616,1.0
20170619,1.0
20170620,1.0
20170621,1.0
20170622,1.0
20170623,1.0
20170626,1.0
20170627,1.0
20170628,1.0
20170629,1.0
20170630,1.0
20170703,1.0
20170704,1.0
20170705,1.0
20170706,1.0
20170707,-1.0
20170710,-1.0
20170711,-1.0
20170712,-1.0
20170713,-1.0
20170714,-1.0
20170717,-1.0
20170718,-1.0
20170719,-1.0
20170720,-1.0
20170721,-1.0
20170724,-1.0
20170725,-1.0
20170726,-1.0
20170727,-1.0
20170728,-1.0
20170731,1.0
20170801,1.0
20170802,1.0
20170803,1.0
20170804,1.0
20170807,1.0
20170808,1.0
20170809,1.0
20170810,1.0
20170811,1.0
20170814,1.0
20170815,1.0
20170816,1.0
20170817,1.0
20170818,1.0
20170821,1.0
20170822,1.0
20170823,1.0
20170824,1.0
20170825,1.0
20170828,1.0
20170829,1.0
20170830,1.0
20170831,1.0
20170901,1.0
20170904,1.0
20170905,1.0
20170906,1.0
20170907,1.0
20170908,1.0
20170911,1.0
20170912,1.0
20170913,1.0
20170914,1.0
20170915,1.0
20170918,1.0
20170919,1.0
20170920,1.0
20170921,1.0
20170922,1.0
20170925,1.0
20170926,1.0
20170927,1.0
20170928,1.0
20170929,1.0
20171009,1.0
20171010,1.0
20171011,1.0
20171012,1.0
20171013,1.0
20171016,1.0
20171017,1.0
20171018,1.0
20171019,1.0
20171020,1.0
20171023,1.0
20171024,1.0
20171025,1.0
20171026,1.0
20171027,1.0
20171030,1.0
20171031,1.0
20171101,1.0
20171102,1.0
20171103,1.0
20171106,1.0
20171107,1.0
20171108,1.0
20171109,1.0
20171110,1.0
20171113,1.0
20171114,1.0
20171115,1.0
20171116,1.0
20171117,1.0
20171120,1.0
20171121,-1.0
20171122,-1.0
20171123,-1.0
20171124,-1.0
20171127,-1.0
20171128,-1.0
20171129,-1.0
20171130,-1.0
20171201,-1.0
20171204,-1.0
20171205,-1.0
20171206,-1.0
20171207,-1.0
20171208,-1.0
20171211,-1.0
20171212,-1.0
20171213,-1.0
20171214,-1.0
20171215,-1.0
20171218,-1.0
20171219,-1.0
20171220,-1.0
20171221,1.0
20171222,1.0
20171225,1.0
20171226,1.0
20171227,1.0
20171228,1.0
20171229,1.0
20180102,1.0
20180103,1.0
20180104,1.0
20180105,1.0
20180108,1.0
20180109,1.0
20180110,1.0
20180111,1.0
20180112,1.0
20180115,1.0
20180116,1.0
20180117,1.0
20180118,1.0
20180119,1.0
20180122,1.0
20180123,1.0
20180124,1.0
20180125,1.0
20180126,1.0
20180129,1.0
20180130,1.0
20180131,1.0
20180201,1.0
20180202,1.0
20180205,1.0
20180206,1.0
20180207,1.0
20180208,1.0
20180209,-1.0
20180212,-1.0
20180213,-1.0
20180214,-1.0
20180222,-1.0
20180223,-1.0
20180226,-1.0
20180227,-1.0
20180228,-1.0
20180301,-1.0
20180302,-1.0
20180305,-1.0
20180306,-1.0
20180307,-1.0
20180308,-1.0
20180309,-1.0
20180312,-1.0
20180313,-1.0
20180314,-1.0
20180315,-1.0
20180316,-1.0
20180319,-1.0
20180320,-1.0
20180321,-1.0
20180322,-1.0
20180323,-1.0
20180326,-1.0
20180327,-1.0
20180328,-1.0
20180329,-1.0
20180330,1.0
20180402,-1.0
20180403,-1.0
20180404,-1.0
20180409,-1.0
20180410,-1.0
20180411,-1.0
20180412,-1.0
20180413,-1.0
20180416,-1.0
20180417,-1.0
20180418,-1.0
20180419,-1.0
20180420,-1.0
20180423,-1.0
20180424,-1.0
20180425,-1.0
20180426,-1.0
20180427,-1.0
20180502,-1.0
20180503,-1.0
20180504,-1.0
20180507,-1.0
20180508,-1.0
20180509,-1.0
20180510,-1.0
20180511,-1.0
20180514,-1.0
20180515,-1.0
20180516,-1.0
20180517,-1.0
20180518,1.0
20180521,1.0
20180522,1.0
20180523,1.0
20180524,1.0
20180525,1.0
20180528,1.0
20180529,1.0
20180530,1.0
20180531,1.0
20180601,1.0
20180604,1.0
20180605,-1.0
20180606,-1.0
20180607,-1.0
20180608,-1.0
20180611,-1.0
20180612,-1.0
20180613,-1.0
20180614,-1.0
20180615,-1.0
20180619,-1.0
20180620,-1.0
20180621,-1.0
20180622,-1.0
20180625,-1.0
20180626,-1.0
20180627,-1.0
20180628,-1.0
20180629,-1.0
20180702,-1.0
20180703,-1.0
20180704,-1.0
20180705,-1.0
20180706,-1.0
20180709,-1.0
20180710,-1.0
20180711,-1.0
20180712,-1.0
20180713,-1.0
20180716,-1.0
20180717,-1.0
